train,val
0.14599114082070935,0.1987683613385473
0.20325074353778505,0.2086354536669595
0.21539746978843355,0.22341587181602204
0.22481543454990918,0.22339062445930072
0.23197039029750216,0.23020793870091438
