train,val
0.08405556169846856,0.10936649808926242
0.11672368152920469,0.12258740062160152
0.1259023180580234,0.12902453249054296
0.13219025986365587,0.13100059942475387
0.13830719422177964,0.139767087996006
