train,val
0.12543065811830212,0.16814339799540384
0.17783262375816405,0.19288852864078113
0.1963394653512187,0.1944309946681772
0.20747480520689154,0.20784296467900276
0.21774271902335118,0.2103622140628951
