train,val
11.788092772799184,10.894057069505964
10.555435834177937,10.522474493299212
10.258836533443862,10.34477070399693
10.099674137465032,10.298307044165474
9.952503955696683,10.237300668443952
