train,val
101.72404358396493,99.34233965192523
97.32256335376269,97.81215994698661
96.0949124947962,97.26882662091937
95.37100101182185,96.41267095293317
94.50941047820437,95.92074312482562
