train,val
27.148347201100382,26.55678415298462
25.8688050608236,26.156671387808665
25.522326678393846,26.016684123447963
25.352152303870454,25.829522269112722
25.124385301810335,25.72123200552804
